Feature,Importance
Adj Close,0.7645955
Volume_lag_7,0.23540448
Volume_lag_4,0.0
Volume_lag_5,0.0
Volume_lag_6,0.0
Volume_lag_8,0.0
Volume_lag_9,0.0
Volume_lag_10,0.0
Volume_lag_11,0.0
Volume_lag_12,0.0
Volume_lag_13,0.0
Volume_lag_270,0.0
Volume_lag_29,0.0
Volume_lag_286,0.0
Volume_lag_285,0.0
Volume_lag_14,0.0
Volume_lag_2,0.0
Volume_lag_271,0.0
Volume_lag_272,0.0
Volume_lag_273,0.0
Volume_lag_274,0.0
Volume_lag_275,0.0
Volume_lag_276,0.0
Volume_lag_277,0.0
Volume_lag_278,0.0
Volume_lag_279,0.0
Volume_lag_280,0.0
Volume_lag_281,0.0
Volume_lag_282,0.0
Volume_lag_283,0.0
Volume_lag_284,0.0
Volume_lag_30,0.0
Volume_lag_31,0.0
Volume_lag_32,0.0
Volume_lag_33,0.0
Volume_lag_34,0.0
Volume_lag_35,0.0
Volume_lag_36,0.0
Volume_lag_37,0.0
Volume_lag_38,0.0
Volume_lag_39,0.0
Volume_lag_40,0.0
Volume_lag_41,0.0
Volume_lag_42,0.0
Volume_lag_43,0.0
Volume_lag_44,0.0
Volume_lag_45,0.0
Volume_lag_46,0.0
Volume_lag_47,0.0
Volume_lag_48,0.0
Volume_lag_49,0.0
Volume_lag_50,0.0
Volume_lag_51,0.0
Volume_lag_52,0.0
Volume_lag_53,0.0
Volume_lag_54,0.0
Volume_lag_55,0.0
Volume_lag_56,0.0
Volume_lag_57,0.0
Volume_lag_58,0.0
Volume_lag_59,0.0
Volume_lag_60,0.0
Volume_lag_61,0.0
Volume_lag_62,0.0
Volume_lag_63,0.0
Volume_lag_64,0.0
Volume_lag_65,0.0
Volume_lag_66,0.0
Volume_lag_67,0.0
Volume_lag_68,0.0
Volume_lag_69,0.0
Volume_lag_70,0.0
Volume_lag_71,0.0
Volume_lag_72,0.0
Volume_lag_73,0.0
Volume_lag_74,0.0
Volume_lag_75,0.0
Volume_lag_76,0.0
Volume_lag_77,0.0
Volume_lag_78,0.0
Volume_lag_79,0.0
Volume_lag_80,0.0
Volume_lag_81,0.0
Volume_lag_82,0.0
Volume_lag_83,0.0
Volume_lag_84,0.0
Volume_lag_85,0.0
Volume_lag_86,0.0
Volume_lag_87,0.0
Volume_lag_88,0.0
Volume_lag_89,0.0
Volume_lag_90,0.0
Volume_lag_91,0.0
Volume_lag_92,0.0
Volume_lag_93,0.0
Volume_lag_94,0.0
Volume_lag_95,0.0
Volume_lag_96,0.0
Volume_lag_97,0.0
Volume_lag_98,0.0
Volume_lag_99,0.0
Volume_lag_100,0.0
Volume_lag_101,0.0
Volume_lag_102,0.0
Volume_lag_103,0.0
Volume_lag_104,0.0
Volume_lag_105,0.0
Volume_lag_106,0.0
Volume_lag_107,0.0
Volume_lag_108,0.0
Volume_lag_109,0.0
Volume_lag_110,0.0
Volume_lag_111,0.0
Volume_lag_112,0.0
Volume_lag_113,0.0
Volume_lag_114,0.0
Volume_lag_115,0.0
Volume_lag_116,0.0
Volume_lag_117,0.0
Volume_lag_118,0.0
Volume_lag_119,0.0
Volume_lag_120,0.0
Volume_lag_121,0.0
Volume_lag_122,0.0
Volume_lag_123,0.0
Volume_lag_124,0.0
Volume_lag_125,0.0
Volume_lag_126,0.0
Volume_lag_127,0.0
Volume_lag_128,0.0
Volume_lag_129,0.0
Volume_lag_130,0.0
Volume_lag_131,0.0
Volume_lag_132,0.0
Volume_lag_133,0.0
Volume_lag_134,0.0
Volume_lag_135,0.0
Volume_lag_136,0.0
Volume_lag_137,0.0
Volume_lag_138,0.0
Volume_lag_139,0.0
Volume_lag_140,0.0
Volume_lag_141,0.0
Volume_lag_142,0.0
Volume_lag_143,0.0
Volume_lag_144,0.0
Volume_lag_145,0.0
Volume_lag_146,0.0
Volume_lag_147,0.0
Volume_lag_148,0.0
Volume_lag_149,0.0
Volume_lag_150,0.0
Volume_lag_151,0.0
Volume_lag_152,0.0
Volume_lag_153,0.0
Volume_lag_154,0.0
Volume_lag_155,0.0
Volume_lag_156,0.0
Volume_lag_157,0.0
Volume_lag_158,0.0
Volume_lag_159,0.0
Volume_lag_160,0.0
Volume_lag_161,0.0
Volume_lag_162,0.0
Volume_lag_163,0.0
Volume_lag_164,0.0
Volume_lag_165,0.0
Volume_lag_166,0.0
Volume_lag_167,0.0
Volume_lag_168,0.0
Volume_lag_169,0.0
Volume_lag_170,0.0
Volume_lag_171,0.0
Volume_lag_172,0.0
Volume_lag_173,0.0
Volume_lag_174,0.0
Volume_lag_175,0.0
Volume_lag_176,0.0
Volume_lag_177,0.0
Volume_lag_178,0.0
Volume_lag_179,0.0
Volume_lag_180,0.0
Volume_lag_181,0.0
Volume_lag_182,0.0
Volume_lag_183,0.0
Volume_lag_184,0.0
Volume_lag_185,0.0
Volume_lag_186,0.0
Volume_lag_187,0.0
Volume_lag_188,0.0
Volume_lag_189,0.0
Volume_lag_190,0.0
Volume_lag_191,0.0
Volume_lag_192,0.0
Volume_lag_193,0.0
Volume_lag_194,0.0
Volume_lag_195,0.0
Volume_lag_196,0.0
Volume_lag_197,0.0
Volume_lag_198,0.0
Volume_lag_199,0.0
Volume_lag_200,0.0
Volume_lag_201,0.0
Volume_lag_202,0.0
Volume_lag_203,0.0
Volume_lag_204,0.0
Volume_lag_205,0.0
Volume_lag_206,0.0
Volume_lag_207,0.0
Volume_lag_208,0.0
Volume_lag_209,0.0
Volume_lag_210,0.0
Volume_lag_211,0.0
Volume_lag_212,0.0
Volume_lag_213,0.0
Volume_lag_214,0.0
Volume_lag_215,0.0
Volume_lag_216,0.0
Volume_lag_217,0.0
Volume_lag_218,0.0
Volume_lag_219,0.0
Volume_lag_220,0.0
Volume_lag_221,0.0
Volume_lag_222,0.0
Volume_lag_223,0.0
Volume_lag_224,0.0
Volume_lag_225,0.0
Volume_lag_226,0.0
Volume_lag_227,0.0
Volume_lag_228,0.0
Volume_lag_229,0.0
Volume_lag_230,0.0
Volume_lag_231,0.0
Volume_lag_232,0.0
Volume_lag_233,0.0
Volume_lag_234,0.0
Volume_lag_235,0.0
Volume_lag_236,0.0
Volume_lag_237,0.0
Volume_lag_238,0.0
Volume_lag_239,0.0
Volume_lag_240,0.0
Volume_lag_241,0.0
Volume_lag_242,0.0
Volume_lag_243,0.0
Volume_lag_244,0.0
Volume_lag_245,0.0
Volume_lag_246,0.0
Volume_lag_247,0.0
Volume_lag_248,0.0
Volume_lag_249,0.0
Volume_lag_250,0.0
Volume_lag_251,0.0
Volume_lag_252,0.0
Volume_lag_253,0.0
Volume_lag_254,0.0
Volume_lag_255,0.0
Volume_lag_256,0.0
Volume_lag_257,0.0
Volume_lag_258,0.0
Volume_lag_259,0.0
Volume_lag_260,0.0
Volume_lag_261,0.0
Volume_lag_262,0.0
Volume_lag_263,0.0
Volume_lag_264,0.0
Volume_lag_265,0.0
Volume_lag_266,0.0
Volume_lag_267,0.0
Volume_lag_268,0.0
Volume_lag_269,0.0
Volume_rolling_mean_3,0.0
Volume_lag_287,0.0
Volume_lag_288,0.0
Volume_lag_289,0.0
Volume_lag_290,0.0
Volume_lag_291,0.0
Volume_lag_292,0.0
Volume_lag_293,0.0
Volume_lag_294,0.0
Volume_lag_295,0.0
Volume_lag_296,0.0
Volume_lag_297,0.0
Volume_lag_298,0.0
Volume_lag_299,0.0
Volume_lag_300,0.0
Volume_lag_1,0.0
Volume,0.0
Volume_lag_15,0.0
Volume_lag_16,0.0
Volume_lag_17,0.0
Volume_lag_18,0.0
Volume_lag_19,0.0
Volume_lag_20,0.0
Volume_lag_21,0.0
Volume_lag_22,0.0
Volume_lag_23,0.0
Volume_lag_24,0.0
Volume_lag_25,0.0
Volume_lag_26,0.0
Volume_lag_27,0.0
Volume_lag_28,0.0
Volume_lag_3,0.0
